{"rouge": {"rouge1": 0.2968496713325608, "rouge2": 0.11935221358186597, "rougeL": 0.22960369084553667, "rougeLsum": 0.22946825017633699}, "bleu": {"bleu": 0.10421180428960466, "precisions": [0.3497060744611365, 0.13689341901174384, 0.06744868035190615, 0.03652653342522398], "brevity_penalty": 1.0, "length_ratio": 1.259046052631579, "translation_length": 22965, "reference_length": 18240}, "bertscore": {"precision": 0.7809492427110672, "recall": 0.8137654793262482, "f1": 0.7961510598659516}}