{"rouge": {"rouge1": 0.29617228715898514, "rouge2": 0.11831398046344949, "rougeL": 0.22888581022952414, "rougeLsum": 0.22880849868194758}, "bleu": {"bleu": 0.10336268217582904, "precisions": [0.34975390914238425, 0.1363092335653176, 0.06679001760007221, 0.035847235626637254], "brevity_penalty": 1.0, "length_ratio": 1.2587171052631578, "translation_length": 22959, "reference_length": 18240}, "bertscore": {"precision": 0.7810388621687889, "recall": 0.8136997644603252, "f1": 0.7961637754738331}}