{"rouge": {"rouge1": 0.2839565865789898, "rouge2": 0.11347501497315786, "rougeL": 0.21703579336768086, "rougeLsum": 0.21757720330060978}, "bleu": {"bleu": 0.09690264371678228, "precisions": [0.32852917898946143, 0.12716567119922056, 0.06235187658896023, 0.03384925680712062], "brevity_penalty": 1.0, "length_ratio": 1.3161732456140351, "translation_length": 24007, "reference_length": 18240}, "bertscore": {"precision": 0.772109587341547, "recall": 0.8106931227445603, "f1": 0.7899266415834427}}