{"rouge": {"rouge1": 0.2720781789747199, "rouge2": 0.10427282295585097, "rougeL": 0.21278700314413773, "rougeLsum": 0.21419043084078115}, "bleu": {"bleu": 0.029855695002760557, "precisions": [0.13407410132823136, 0.039794703957155605, 0.017031996089784562, 0.008743252489926252], "brevity_penalty": 1.0, "length_ratio": 3.2175920445128448, "translation_length": 27179, "reference_length": 8447}, "bertscore": {"precision": 0.7723436716086266, "recall": 0.7974370681133467, "f1": 0.7823312079783568}}