{"rouge": {"rouge1": 0.21114636329056152, "rouge2": 0.0721275903376705, "rougeL": 0.15845529861402213, "rougeLsum": 0.15791428927484397}, "bleu": {"bleu": 0.05642202989667205, "precisions": [0.23735204128936552, 0.07704102387583316, 0.033399879582976834, 0.016593381904547934], "brevity_penalty": 1.0, "length_ratio": 1.7739583333333333, "translation_length": 32357, "reference_length": 18240}, "bertscore": {"precision": 0.7308043536543846, "recall": 0.7943839541077614, "f1": 0.7600569255650044}}