{"rouge": {"rouge1": 0.26687220625584235, "rouge2": 0.0996729810763039, "rougeL": 0.20645540082075942, "rougeLsum": 0.20884680736255606}, "bleu": {"bleu": 0.029084937837529218, "precisions": [0.13134649910233392, 0.03915236401901375, 0.016392841425847147, 0.008488712607035622], "brevity_penalty": 1.0, "length_ratio": 3.297028530839351, "translation_length": 27850, "reference_length": 8447}, "bertscore": {"precision": 0.7702450664182708, "recall": 0.7974193753655424, "f1": 0.7811632727839283}}